tag	input_scale	bottleneck	hidden_dims	activation	optimizer	wd	contractive	val_metric_raw	mean_row_energy	var_explained_pooled	frac_unexplained	corr_with_F11	top10_jaccard	top20_jaccard	top40_jaccard	logged_val_metric	logged_kept
act_gelu	row_std	4	24	gelu	adam	0.000010	0.000000	1.133703	36.000000	0.968508	0.031492	-0.229876	0.000000	0.081081	0.159420	1.133703	True
act_lrelu	row_std	4	24	leaky_relu	adam	0.000010	0.000000	1.323257	36.000000	0.963243	0.036757	-0.243509	0.000000	0.052632	0.142857	1.323257	False
adamw_v4	row_std	12	96	gelu	adamw	0.000100	0.000000	0.157264	36.000000	0.995632	0.004368	0.203907	0.000000	0.025641	0.142857	0.157264	True
adamw_v4_wd1e3	row_std	12	96	gelu	adamw	0.001000	0.000000	0.158699	36.000000	0.995592	0.004408	0.197420	0.000000	0.025641	0.142857	0.158699	False
adamw_wd1e4	row_std	4	24	gelu	adamw	0.000100	0.000000	1.133739	36.000000	0.968507	0.031493	-0.229846	0.000000	0.081081	0.159420	1.133739	False
adamw_wd2e4	row_std	12	96	gelu	adamw	0.000200	0.000000	0.157389	36.000000	0.995628	0.004372	0.203150	0.000000	0.025641	0.142857	0.157389	False
adamw_wd5e4	row_std	12	96	gelu	adamw	0.000500	0.000000	0.157767	36.000000	0.995618	0.004382	0.201152	0.000000	0.025641	0.142857	0.157767	False
adamw_wd5e5	row_std	12	96	gelu	adamw	0.000050	0.000000	0.157115	36.000000	0.995636	0.004364	0.204559	0.000000	0.025641	0.142857	0.157115	True
b10_cae3e2	row_std	10	24	gelu	adam	0.000010	0.030000	0.815386	36.000000	0.977350	0.022650	-0.235177	0.000000	0.000000	0.000000	0.815386	False
b10_cae5e2	row_std	10	24	gelu	adam	0.000010	0.050000	0.808960	36.000000	0.977529	0.022471	-0.278435	0.000000	0.000000	0.038961	0.808960	False
b10_cae8e2	row_std	10	24	gelu	adam	0.000010	0.080000	0.771112	36.000000	0.978580	0.021420	-0.295302	0.000000	0.000000	0.111111	0.771112	True
b10_cae9e2	row_std	10	24	gelu	adam	0.000010	0.090000	0.766512	36.000000	0.978708	0.021292	-0.285614	0.000000	0.000000	0.142857	0.766512	True
b10_cae9e2_s1	row_std	10	24	gelu	adam	0.000010	0.090000	0.901017	36.000000	0.974972	0.025028	-0.245067	0.000000	0.000000	0.095890	0.901017	False
b10_cae9e2_s2	row_std	10	24	gelu	adam	0.000010	0.090000	0.804013	36.000000	0.977666	0.022334	-0.234000	0.000000	0.000000	0.095890	0.804013	False
b10_cae9e2_s3	row_std	10	24	gelu	adam	0.000010	0.090000	0.940893	36.000000	0.973864	0.026136	-0.315178	0.000000	0.025641	0.159420	0.940893	False
b10_e1000	row_std	10	24	gelu	adam	0.000010	0.090000	0.499657	36.000000	0.986121	0.013879	-0.223760	0.000000	0.000000	0.000000	0.499657	False
b10_e1000_cae5e2	row_std	10	24	gelu	adam	0.000010	0.050000	0.622604	36.000000	0.982705	0.017295	-0.248376	0.000000	0.000000	0.052632	0.622604	False
b10_e1000_cae7e2	row_std	10	24	gelu	adam	0.000010	0.070000	0.593846	36.000000	0.983504	0.016496	-0.303336	0.000000	0.000000	0.012658	0.593846	False
b10_e2000	row_std	10	24	gelu	adam	0.000010	0.090000	0.450763	36.000000	0.987479	0.012521	-0.182216	0.000000	0.000000	0.000000	0.450763	False
b10_v2	row_std	10	24	gelu	adam	0.000010	0.100000	0.769097	36.000000	0.978636	0.021364	-0.276213	0.000000	0.000000	0.142857	0.769097	False
b11_cae15e2	row_std	11	24	gelu	adam	0.000010	0.150000	0.934168	36.000000	0.974051	0.025949	-0.182320	0.000000	0.000000	0.111111	0.934168	False
b11_cae1e1	row_std	11	24	gelu	adam	0.000010	0.100000	0.943525	36.000000	0.973791	0.026209	-0.198764	0.000000	0.000000	0.126761	0.943525	False
b11_cae8e2	row_std	11	24	gelu	adam	0.000010	0.080000	0.956334	36.000000	0.973435	0.026565	-0.163338	0.000000	0.000000	0.126761	0.956334	False
b12	row_std	12	24,12	tanh	adam	0.000010	0.000000	1.228258	36.000000	0.965882	0.034118	-0.272617	0.000000	0.000000	0.159420	1.228258	False
b12_cae5e2	row_std	12	24	gelu	adam	0.000010	0.050000	0.796070	36.000000	0.977887	0.022113	-0.216224	0.000000	0.000000	0.025641	0.796070	False
b12_v2	row_std	12	24	gelu	adam	0.000010	0.100000	0.866778	36.000000	0.975923	0.024077	-0.265684	0.000000	0.000000	0.052632	0.866778	False
b16_v2	row_std	16	24	gelu	adam	0.000010	0.100000	0.887556	36.000000	0.975346	0.024654	-0.190236	0.000000	0.052632	0.159420	0.887556	False
b2	row_std	2	24,12	tanh	adam	0.000010	0.000000	2.035730	36.000000	0.943452	0.056548	0.051271	0.000000	0.000000	0.142857	2.035730	False
b3_v2	row_std	3	24	gelu	adam	0.000010	0.100000	1.165670	36.000000	0.967620	0.032380	-0.247225	0.000000	0.025641	0.159420	1.165670	False
b4	row_std	4	24,12	tanh	adam	0.000010	0.000000	1.178770	36.000000	0.967256	0.032744	-0.139122	0.000000	0.081081	0.159420	1.178770	True
b5_v2	row_std	5	24	gelu	adam	0.000010	0.100000	1.121404	36.000000	0.968850	0.031150	-0.228774	0.000000	0.000000	0.111111	1.121404	False
b6_cae3e2	row_std	6	24	gelu	adam	0.000010	0.030000	0.815389	36.000000	0.977350	0.022650	-0.181064	0.000000	0.000000	0.038961	0.815389	False
b6_e1000	row_std	6	24	gelu	adam	0.000010	0.050000	0.833146	36.000000	0.976857	0.023143	-0.200115	0.000000	0.000000	0.066667	0.833146	False
b6_e1000_cae3e2	row_std	6	24	gelu	adam	0.000010	0.030000	0.815389	36.000000	0.977350	0.022650	-0.181064	0.000000	0.000000	0.038961	0.815389	False
b6_v2	row_std	6	24	gelu	adam	0.000010	0.100000	1.001205	36.000000	0.972189	0.027811	-0.216211	0.000000	0.000000	0.095890	1.001205	True
b8	row_std	8	24,12	tanh	adam	0.000010	0.000000	1.218179	36.000000	0.966162	0.033838	-0.105746	0.000000	0.000000	0.126761	1.218179	False
b8_e1000	row_std	8	24	gelu	adam	0.000010	0.100000	0.566611	36.000000	0.984261	0.015739	-0.398044	0.000000	0.000000	0.052632	0.566611	False
b8_e1000_cae2e2	row_std	8	24	gelu	adam	0.000010	0.020000	0.585296	36.000000	0.983742	0.016258	-0.348591	0.000000	0.000000	0.000000	0.585296	False
b8_e1000_cae3e2	row_std	8	24	gelu	adam	0.000010	0.030000	0.583517	36.000000	0.983791	0.016209	-0.309144	0.000000	0.000000	0.000000	0.583517	False
b8_e1000_cae4e2	row_std	8	24	gelu	adam	0.000010	0.040000	0.573615	36.000000	0.984066	0.015934	-0.310395	0.000000	0.000000	0.000000	0.573615	False
b8_e1000_cae5e2	row_std	8	24	gelu	adam	0.000010	0.050000	0.561584	36.000000	0.984400	0.015600	-0.370280	0.000000	0.000000	0.000000	0.561584	True
b8_e1500_cae6e2	row_std	8	24	gelu	adam	0.000010	0.060000	0.544818	36.000000	0.984866	0.015134	-0.408006	0.000000	0.000000	0.000000	0.544818	False
b8_e2000_cae5e2	row_std	8	24	gelu	adam	0.000010	0.050000	0.520353	36.000000	0.985546	0.014454	-0.292260	0.000000	0.000000	0.000000	0.520353	False
b8_e500_cae5e2	row_std	8	24	gelu	adam	0.000010	0.050000	0.633420	36.000000	0.982405	0.017595	-0.351276	0.000000	0.000000	0.111111	0.633420	False
b8_e500_cae7e2	row_std	8	24	gelu	adam	0.000010	0.070000	0.639385	36.000000	0.982239	0.017761	-0.361715	0.000000	0.000000	0.111111	0.639385	False
b8_v2	row_std	8	24	gelu	adam	0.000010	0.100000	0.793361	36.000000	0.977962	0.022038	-0.251680	0.000000	0.025641	0.142857	0.793361	True
b9_cae1e1	row_std	9	24	gelu	adam	0.000010	0.100000	0.883291	36.000000	0.975464	0.024536	-0.291566	0.000000	0.000000	0.111111	0.883291	False
b9_cae8e2	row_std	9	24	gelu	adam	0.000010	0.080000	0.886962	36.000000	0.975362	0.024638	-0.278559	0.000000	0.000000	0.111111	0.886962	False
b9_cae9e2	row_std	9	24	gelu	adam	0.000010	0.090000	0.884277	36.000000	0.975437	0.024563	-0.284910	0.000000	0.000000	0.111111	0.884277	False
baseline	row_std	6	24,12	tanh	adam	0.000010	0.000000	1.195330	36.000000	0.966796	0.033204	-0.178476	0.000000	0.081081	0.159420	1.195330	True
bs256	row_std	8	24	gelu	adam	0.000010	0.050000	0.638768	36.000000	0.982256	0.017744	-0.345970	0.000000	0.000000	0.111111	0.638768	False
bs32	row_std	8	24	gelu	adam	0.000010	0.050000	0.562860	36.000000	0.984365	0.015635	-0.243607	0.000000	0.000000	0.000000	0.562860	False
bs512	row_std	8	24	gelu	adam	0.000010	0.050000	0.717496	36.000000	0.980070	0.019930	-0.358796	0.000000	0.000000	0.095890	0.717496	False
bs64	row_std	8	24	gelu	adam	0.000010	0.050000	0.494034	36.000000	0.986277	0.013723	-0.229858	0.000000	0.000000	0.000000	0.494034	False
bs64_b4	row_std	4	24	gelu	adam	0.000010	0.050000	1.183473	36.000000	0.967126	0.032874	-0.051011	0.000000	0.000000	0.095890	1.183473	False
bs64_b6	row_std	6	24	gelu	adam	0.000010	0.050000	0.786090	36.000000	0.978164	0.021836	-0.230760	0.000000	0.000000	0.025641	0.786090	False
bs64_cae1e1	row_std	8	24	gelu	adam	0.000010	0.100000	0.546767	36.000000	0.984812	0.015188	-0.264374	0.000000	0.000000	0.025641	0.546767	False
bs64_cae6e2	row_std	8	24	gelu	adam	0.000010	0.060000	0.496291	36.000000	0.986214	0.013786	-0.290521	0.000000	0.000000	0.038961	0.496291	False
bs64_cae7e2	row_std	8	24	gelu	adam	0.000010	0.070000	0.538091	36.000000	0.985053	0.014947	-0.230119	0.000000	0.000000	0.000000	0.538091	False
bs64_cae8e2	row_std	8	24	gelu	adam	0.000010	0.080000	0.580690	36.000000	0.983870	0.016130	-0.222199	0.000000	0.000000	0.025641	0.580690	False
cae15e2	row_std	4	24	gelu	adam	0.000010	0.150000	1.056374	36.000000	0.970656	0.029344	-0.267033	0.000000	0.052632	0.159420	1.056374	False
cae1e1	row_std	4	24	gelu	adam	0.000010	0.100000	1.032991	36.000000	0.971306	0.028694	-0.286242	0.000000	0.052632	0.159420	1.032991	True
cae1e2	row_std	4	24	gelu	adam	0.000010	0.010000	1.068781	36.000000	0.970312	0.029688	-0.300613	0.000000	0.052632	0.159420	1.068781	True
cae1e3	row_std	4	24	gelu	adam	0.000010	0.001000	1.094174	36.000000	0.969606	0.030394	-0.305490	0.000000	0.052632	0.176471	1.094174	True
cae1e4	row_std	4	24	gelu	adam	0.000010	0.000100	1.101945	36.000000	0.969390	0.030610	-0.302485	0.000000	0.052632	0.176471	1.101945	True
cae2e1	row_std	4	24	gelu	adam	0.000010	0.200000	1.088889	36.000000	0.969753	0.030247	-0.252991	0.000000	0.052632	0.159420	1.088889	False
cae2e2	row_std	4	24	gelu	adam	0.000010	0.020000	1.068345	36.000000	0.970324	0.029676	-0.289376	0.000000	0.052632	0.159420	1.068345	True
cae2e3	row_std	4	24	gelu	adam	0.000010	0.002000	1.086774	36.000000	0.969812	0.030188	-0.306639	0.000000	0.052632	0.159420	1.086774	True
cae3e1	row_std	4	24	gelu	adam	0.000010	0.300000	1.097270	36.000000	0.969520	0.030480	-0.223689	0.000000	0.052632	0.159420	1.097270	False
cae5e1	row_std	4	24	gelu	adam	0.000010	0.500000	1.116636	36.000000	0.968982	0.031018	-0.226688	0.000000	0.052632	0.159420	1.116636	False
cae5e2	row_std	4	24	gelu	adam	0.000010	0.050000	1.052303	36.000000	0.970769	0.029231	-0.288377	0.000000	0.052632	0.159420	1.052303	True
cae5e3	row_std	4	24	gelu	adam	0.000010	0.005000	1.074239	36.000000	0.970160	0.029840	-0.305614	0.000000	0.052632	0.159420	1.074239	True
cae5e4	row_std	4	24	gelu	adam	0.000010	0.000500	1.098330	36.000000	0.969491	0.030509	-0.304135	0.000000	0.052632	0.176471	1.098330	False
cae8e2	row_std	4	24	gelu	adam	0.000010	0.080000	1.038769	36.000000	0.971145	0.028855	-0.283427	0.000000	0.052632	0.159420	1.038769	False
deep3	row_std	4	32,20,12	tanh	adam	0.000010	0.000000	1.229996	36.000000	0.965833	0.034167	-0.071033	0.000000	0.081081	0.159420	1.229996	False
h112_b12	row_std	12	112	gelu	adam	0.000010	0.000000	0.215475	36.000000	0.994015	0.005985	-0.033315	0.000000	0.000000	0.000000	0.215475	False
h128_b12	row_std	12	128	gelu	adam	0.000010	0.000000	0.226552	36.000000	0.993707	0.006293	0.175576	0.000000	0.000000	0.159420	0.226552	False
h16_12	row_std	4	16,12	tanh	adam	0.000010	0.000000	1.282067	36.000000	0.964387	0.035613	-0.216789	0.000000	0.081081	0.126761	1.282067	False
h16_v3	row_std	8	16	gelu	adam	0.000010	0.050000	0.690590	36.000000	0.980817	0.019183	-0.346050	0.000000	0.000000	0.066667	0.690590	False
h20_12	row_std	4	20,12	tanh	adam	0.000010	0.000000	1.207918	36.000000	0.966447	0.033553	-0.103346	0.000000	0.000000	0.126761	1.207918	False
h32_16	row_std	4	32,16	tanh	adam	0.000010	0.000000	1.207768	36.000000	0.966451	0.033549	-0.109815	0.000000	0.000000	0.126761	1.207768	False
h32_16_v3	row_std	8	32,16	gelu	adam	0.000010	0.050000	0.783295	36.000000	0.978242	0.021758	-0.016058	0.000000	0.000000	0.012658	0.783295	False
h32_v3	row_std	8	32	gelu	adam	0.000010	0.050000	0.618416	36.000000	0.982822	0.017178	-0.238713	0.000000	0.000000	0.000000	0.618416	False
h40_cae6e2	row_std	8	40	gelu	adam	0.000010	0.060000	0.556120	36.000000	0.984552	0.015448	-0.284179	0.000000	0.000000	0.000000	0.556120	False
h48_24	row_std	4	48,24	tanh	adam	0.000010	0.000000	1.206101	36.000000	0.966497	0.033503	-0.096663	0.000000	0.081081	0.212121	1.206101	False
h48_b10	row_std	10	48	gelu	adam	0.000010	0.060000	0.398904	36.000000	0.988919	0.011081	-0.170603	0.000000	0.000000	0.000000	0.398904	False
h48_b10_cae0	row_std	10	48	gelu	adam	0.000010	0.000000	0.296894	36.000000	0.991753	0.008247	-0.024335	0.000000	0.000000	0.025641	0.296894	True
h48_b10_cae1e1	row_std	10	48	gelu	adam	0.000010	0.100000	0.496720	36.000000	0.986202	0.013798	-0.048889	0.000000	0.000000	0.000000	0.496720	False
h48_b10_cae1e2	row_std	10	48	gelu	adam	0.000010	0.010000	0.300098	36.000000	0.991664	0.008336	-0.138069	0.000000	0.000000	0.000000	0.300098	True
h48_b10_cae2e2	row_std	10	48	gelu	adam	0.000010	0.020000	0.335438	36.000000	0.990682	0.009318	-0.096515	0.000000	0.000000	0.000000	0.335438	True
h48_b10_cae3e2	row_std	10	48	gelu	adam	0.000010	0.030000	0.389413	36.000000	0.989183	0.010817	-0.136306	0.000000	0.000000	0.000000	0.389413	True
h48_b10_cae8e2	row_std	10	48	gelu	adam	0.000010	0.080000	0.439115	36.000000	0.987802	0.012198	-0.125502	0.000000	0.000000	0.000000	0.439115	False
h48_b11_cae0	row_std	11	48	gelu	adam	0.000010	0.000000	0.364389	36.000000	0.989878	0.010122	-0.133898	0.000000	0.000000	0.095890	0.364389	False
h48_b12	row_std	12	48	gelu	adam	0.000010	0.060000	0.365684	36.000000	0.989842	0.010158	-0.258682	0.000000	0.000000	0.000000	0.365684	False
h48_b12_cae0	row_std	12	48	gelu	adam	0.000010	0.000000	0.280183	36.000000	0.992217	0.007783	-0.361072	0.000000	0.000000	0.000000	0.280183	True
h48_b12_cae15e2	row_std	12	48	gelu	adam	0.000010	0.150000	0.411326	36.000000	0.988574	0.011426	-0.386938	0.000000	0.000000	0.000000	0.411326	False
h48_b12_cae1e1	row_std	12	48	gelu	adam	0.000010	0.100000	0.407644	36.000000	0.988677	0.011323	-0.356074	0.000000	0.000000	0.000000	0.407644	False
h48_b13_cae0	row_std	13	48	gelu	adam	0.000010	0.000000	0.267807	36.000000	0.992561	0.007439	0.046848	0.000000	0.052632	0.126761	0.267807	True
h48_b14_cae0	row_std	14	48	gelu	adam	0.000010	0.000000	0.255604	36.000000	0.992900	0.007100	0.260914	0.000000	0.025641	0.230769	0.255604	True
h48_b16_cae0	row_std	16	48	gelu	adam	0.000010	0.000000	0.333387	36.000000	0.990739	0.009261	-0.026566	0.000000	0.000000	0.038961	0.333387	False
h48_b6	row_std	6	48	gelu	adam	0.000010	0.060000	0.664161	36.000000	0.981551	0.018449	-0.080035	0.000000	0.000000	0.000000	0.664161	False
h48_b6_cae0	row_std	6	48	gelu	adam	0.000010	0.000000	0.523442	36.000000	0.985460	0.014540	0.064842	0.176471	0.212121	0.333333	0.523442	False
h48_b8_cae0	row_std	8	48	gelu	adam	0.000010	0.000000	0.408658	36.000000	0.988648	0.011352	0.067926	0.000000	0.000000	0.052632	0.408658	False
h48_cae1e1	row_std	8	48	gelu	adam	0.000010	0.100000	0.526653	36.000000	0.985371	0.014629	-0.230849	0.000000	0.000000	0.000000	0.526653	False
h48_cae55e3	row_std	8	48	gelu	adam	0.000010	0.055000	0.456494	36.000000	0.987320	0.012680	-0.286480	0.000000	0.000000	0.000000	0.456494	False
h48_cae6e2	row_std	8	48	gelu	adam	0.000010	0.060000	0.459222	36.000000	0.987244	0.012756	-0.285464	0.000000	0.000000	0.000000	0.459222	True
h48_cae7e2	row_std	8	48	gelu	adam	0.000010	0.070000	0.476956	36.000000	0.986751	0.013249	-0.252230	0.000000	0.000000	0.000000	0.476956	True
h48_cae8e2	row_std	8	48	gelu	adam	0.000010	0.080000	0.481198	36.000000	0.986633	0.013367	-0.255229	0.000000	0.000000	0.000000	0.481198	False
h48_v3	row_std	8	48	gelu	adam	0.000010	0.050000	0.450444	36.000000	0.987488	0.012512	-0.279234	0.000000	0.000000	0.000000	0.450444	False
h56_cae6e2	row_std	8	56	gelu	adam	0.000010	0.060000	0.471276	36.000000	0.986909	0.013091	-0.184650	0.000000	0.000000	0.000000	0.471276	False
h64_32_b12	row_std	12	64,32	gelu	adam	0.000010	0.000000	0.486359	36.000000	0.986490	0.013510	0.393008	0.333333	0.379310	0.269841	0.486359	False
h64_b12_cae0	row_std	12	64	gelu	adam	0.000010	0.000000	0.215374	36.000000	0.994017	0.005983	0.041524	0.000000	0.000000	0.038961	0.215374	True
h64_b14	row_std	14	64	gelu	adam	0.000010	0.000000	0.210693	36.000000	0.994147	0.005853	-0.067480	0.000000	0.000000	0.012658	0.210693	False
h64_b16	row_std	16	64	gelu	adam	0.000010	0.000000	0.232666	36.000000	0.993537	0.006463	0.106179	0.000000	0.000000	0.000000	0.232666	False
h64_cae6e2	row_std	8	64	gelu	adam	0.000010	0.060000	0.476059	36.000000	0.986776	0.013224	-0.145459	0.000000	0.000000	0.012658	0.476059	False
h80_b12	row_std	12	80	gelu	adam	0.000010	0.000000	0.244944	36.000000	0.993196	0.006804	0.108556	0.000000	0.000000	0.025641	0.244944	False
h96_24_b12	row_std	12	96,24	gelu	adam	0.000010	0.000000	0.371300	36.000000	0.989686	0.010314	0.109966	0.000000	0.025641	0.066667	0.371300	False
h96_48_b12	row_std	12	96,48	gelu	adam	0.000010	0.000000	0.352729	36.000000	0.990202	0.009798	0.255975	0.111111	0.250000	0.250000	0.352729	False
h96_b11	row_std	11	96	gelu	adam	0.000010	0.000000	0.196863	36.000000	0.994532	0.005468	-0.149877	0.000000	0.000000	0.000000	0.196863	False
h96_b12	row_std	12	96	gelu	adam	0.000010	0.000000	0.185870	36.000000	0.994837	0.005163	0.146276	0.052632	0.176471	0.176471	0.185870	True
h96_b12_e10000	row_std	12	96	gelu	adam	0.000010	0.000000	0.194551	36.000000	0.994596	0.005404	-0.164563	0.000000	0.000000	0.000000	0.194551	False
h96_b12_e2000	row_std	12	96	gelu	adam	0.000010	0.000000	0.161691	36.000000	0.995509	0.004491	0.212988	0.000000	0.081081	0.176471	0.161691	True
h96_b12_e3000	row_std	12	96	gelu	adam	0.000010	0.000000	0.158169	36.000000	0.995606	0.004394	0.185159	0.000000	0.025641	0.142857	0.158169	True
h96_b12_e500	row_std	12	96	gelu	adam	0.000010	0.000000	0.248290	36.000000	0.993103	0.006897	0.120090	0.000000	0.000000	0.095890	0.248290	False
h96_b12_e5000	row_std	12	96	gelu	adam	0.000010	0.000000	0.164479	36.000000	0.995431	0.004569	-0.083788	0.000000	0.000000	0.000000	0.164479	False
h96_b13	row_std	13	96	gelu	adam	0.000010	0.000000	0.228021	36.000000	0.993666	0.006334	0.090727	0.000000	0.000000	0.081081	0.228021	False
h96_b8	row_std	8	96	gelu	adam	0.000010	0.000000	0.277847	36.000000	0.992282	0.007718	0.227893	0.428571	0.379310	0.355932	0.277847	False
invvol	row_std	4	24	gelu	adam	0.000010	0.000000	1.185972	36.000000	0.967056	0.032944	-0.078646	0.000000	0.081081	0.159420	1.185972	False
logz	log_robust_z	12	96	gelu	adamw	0.000100	0.000000	0.048917	5.078316	0.990367	0.011069	0.464402	0.333333	0.600000	0.538462	0.048917	True
logz_b16	log_robust_z	16	96	gelu	adamw	0.000100	0.000000	0.040590	5.078316	0.992007	0.009063	0.355900	0.333333	0.666667	0.509434	0.040590	True
logz_b20	log_robust_z	20	96	gelu	adamw	0.000100	0.000000	0.037058	5.078316	0.992703	0.008273	0.430527	0.250000	0.600000	0.481481	0.037058	True
logz_b8	log_robust_z	8	96	gelu	adamw	0.000100	0.000000	0.086179	5.078316	0.983030	0.020020	0.308973	0.333333	0.600000	0.568627	0.086179	False
logz_h128	log_robust_z	12	128	gelu	adamw	0.000100	0.000000	0.036796	5.078316	0.992754	0.008146	0.205777	0.333333	0.379310	0.509434	0.036796	True
logz_h128_b16	log_robust_z	16	128	gelu	adamw	0.000100	0.000000	0.026955	5.078316	0.994692	0.006135	0.599060	0.250000	0.538462	0.600000	0.026955	True
logz_h128_b20	log_robust_z	20	128	gelu	adamw	0.000100	0.000000	0.020137	5.078316	0.996035	0.004439	0.275903	0.333333	0.428571	0.454545	0.020137	False
logz_h160	log_robust_z	12	160	gelu	adamw	0.000100	0.000000	0.037969	5.078316	0.992523	0.008536	0.106635	0.176471	0.212121	0.403509	0.037969	False
logz_h192	log_robust_z	12	192	gelu	adamw	0.000100	0.000000	0.026268	5.078316	0.994827	0.005748	0.293361	0.333333	0.428571	0.481481	0.026268	True
logz_h192_b14	log_robust_z	14	192	gelu	adamw	0.000100	0.000000	0.034653	5.078316	0.993176	0.007600	0.127919	0.333333	0.428571	0.454545	0.034653	False
logz_h192_b16	log_robust_z	16	192	gelu	adamw	0.000100	0.000000	0.021973	5.078316	0.995673	0.004801	0.433414	0.250000	0.481481	0.454545	0.021973	True
logz_h192_b16_adam	log_robust_z	16	192	gelu	adam	0.000010	0.000000	0.016373	5.078316	0.996776	0.003571	0.508383	0.333333	0.428571	0.428571	0.016373	False
logz_h192_b16_e10000	log_robust_z	16	192	gelu	adamw	0.000100	0.000000	0.017079	5.078316	0.996637	0.003721	0.541235	0.250000	0.481481	0.403509	0.017079	True
logz_h192_b16_e15000	log_robust_z	16	192	gelu	adamw	0.000100	0.000000	0.016285	5.078316	0.996793	0.003557	0.536960	0.250000	0.600000	0.428571	0.016285	True
logz_h192_b16_e5000	log_robust_z	16	192	gelu	adamw	0.000100	0.000000	0.017938	5.078316	0.996468	0.003968	0.492073	0.250000	0.481481	0.568627	0.017938	True
logz_h192_b16_e8000	log_robust_z	16	192	gelu	adamw	0.000100	0.000000	0.017537	5.078316	0.996547	0.003798	0.467995	0.250000	0.379310	0.333333	0.017537	True
logz_h192_b16_wd1e3	log_robust_z	16	192	gelu	adamw	0.001000	0.000000	0.015593	5.078316	0.996930	0.003340	0.459087	0.250000	0.290323	0.269841	0.015593	True
logz_h192_b16_wd5e3	log_robust_z	16	192	gelu	adamw	0.005000	0.000000	0.017308	5.078316	0.996592	0.003779	0.412326	0.333333	0.481481	0.403509	0.017308	False
logz_h192_b18	log_robust_z	18	192	gelu	adamw	0.000100	0.000000	0.020284	5.078316	0.996006	0.004571	0.406699	0.428571	0.600000	0.568627	0.020284	True
logz_h192_b20	log_robust_z	20	192	gelu	adamw	0.000100	0.000000	0.021248	5.078316	0.995816	0.004724	0.217652	0.333333	0.290323	0.481481	0.021248	False
logz_h192_b8	log_robust_z	8	192	gelu	adamw	0.000100	0.000000	0.047905	5.078316	0.990567	0.011159	0.136167	0.176471	0.176471	0.568627	0.047905	False
logz_h256	log_robust_z	12	256	gelu	adamw	0.000100	0.000000	0.029597	5.078316	0.994172	0.006535	0.412422	0.333333	0.666667	0.568627	0.029597	False
logz_h256_b16	log_robust_z	16	256	gelu	adamw	0.000100	0.000000	0.027156	5.078316	0.994653	0.006210	0.519637	0.333333	0.666667	0.666667	0.027156	False
logz_h256_b16_wd1e3	log_robust_z	16	256	gelu	adamw	0.001000	0.000000	0.021673	5.078316	0.995732	0.004861	0.545644	0.333333	0.666667	0.568627	0.021673	False
logz_h64	log_robust_z	12	64	gelu	adamw	0.000100	0.000000	0.063149	5.078316	0.987565	0.014343	0.368268	0.333333	0.600000	0.509434	0.063149	False
lr1e3_v3	row_std	8	24	gelu	adam	0.000010	0.050000	0.631741	36.000000	0.982452	0.017548	-0.270192	0.000000	0.025641	0.159420	0.631741	False
lr25e4	row_std	4	24	gelu	adam	0.000010	0.000000	1.150689	36.000000	0.968036	0.031964	-0.140088	0.000000	0.000000	0.142857	1.150689	False
lr2e3	row_std	4	24	gelu	adam	0.000010	0.000000	1.102900	36.000000	0.969364	0.030636	-0.301976	0.000000	0.052632	0.176471	1.102900	True
lr3e3	row_std	4	24	gelu	adam	0.000010	0.000000	1.156055	36.000000	0.967887	0.032113	-0.057248	0.000000	0.000000	0.111111	1.156055	False
lr3e3_v3	row_std	8	24	gelu	adam	0.000010	0.050000	0.596576	36.000000	0.983428	0.016572	-0.245297	0.000000	0.000000	0.066667	0.596576	False
lr5e3	row_std	4	24	gelu	adam	0.000010	0.000000	1.244465	36.000000	0.965432	0.034568	-0.029680	0.000000	0.000000	0.052632	1.244465	False
lr5e4	row_std	4	24	gelu	adam	0.000010	0.000000	1.205084	36.000000	0.966525	0.033475	-0.176272	0.000000	0.081081	0.159420	1.205084	False
lr5e4_v3	row_std	8	24	gelu	adam	0.000010	0.050000	0.814127	36.000000	0.977385	0.022615	-0.332476	0.000000	0.025641	0.159420	0.814127	False
s1_h96b12	row_std	12	96	gelu	adam	0.000010	0.000000	0.172017	36.000000	0.995222	0.004778	-0.205223	0.000000	0.000000	0.012658	0.172017	False
s2_h96b12	row_std	12	96	gelu	adam	0.000010	0.000000	0.184358	36.000000	0.994879	0.005121	0.015129	0.000000	0.000000	0.025641	0.184358	False
s3_h96b12	row_std	12	96	gelu	adam	0.000010	0.000000	0.164832	36.000000	0.995421	0.004579	-0.010054	0.000000	0.000000	0.025641	0.164832	False
s4_h96b12	row_std	12	96	gelu	adam	0.000010	0.000000	0.212880	36.000000	0.994087	0.005913	-0.106803	0.000000	0.025641	0.038961	0.212880	False
s5_h96b12	row_std	12	96	gelu	adam	0.000010	0.000000	0.167569	36.000000	0.995345	0.004655	-0.226034	0.000000	0.000000	0.000000	0.167569	False
shallow	row_std	4	24	tanh	adam	0.000010	0.000000	1.172307	36.000000	0.967436	0.032564	-0.169622	0.000000	0.081081	0.159420	1.172307	True
shallow16	row_std	4	16	tanh	adam	0.000010	0.000000	1.205209	36.000000	0.966522	0.033478	-0.203761	0.000000	0.052632	0.159420	1.205209	False
verify_adamw	row_std	12	96	gelu	adamw	0.000100	0.000000	0.157264	36.000000	0.995632	0.004368	0.203907	0.000000	0.025641	0.142857	0.157264	False
verify_defaults	row_std	12	96	gelu	adam	0.000010	0.000000	0.158169	36.000000	0.995606	0.004394	0.185159	0.000000	0.025641	0.142857	0.158169	False
verify_final	log_robust_z	16	192	gelu	adamw	0.001000	0.000000	0.015654	5.078316	0.996917	0.003363	0.494573	0.333333	0.379310	0.311475	0.015654	False
wd0	row_std	4	24	gelu	adam	0.000000	0.000000	1.133709	36.000000	0.968508	0.031492	-0.229829	0.000000	0.081081	0.159420	1.133709	False
