timestamp	tag	val_metric	train_mse	latent_std_min	corr_with_F11	kept
RECONSTRUCTED	baseline	1.195330	0.594615	0.100061	-0.178476	1
RECONSTRUCTED	b10_e2000	0.450763	0.114943	0.045159	-0.182216	0
RECONSTRUCTED	b10_e1000	0.499657	0.166999	0.042712	-0.223760	0
RECONSTRUCTED	b8_e2000_cae5e2	0.520353	0.124568	0.044722	-0.292260	0
RECONSTRUCTED	b8_e1500_cae6e2	0.544818	0.146307	0.038276	-0.408006	0
RECONSTRUCTED	b8_e1000_cae5e2	0.561584	0.160642	0.053391	-0.370280	1
RECONSTRUCTED	b8_e1000	0.566611	0.184372	0.040801	-0.398044	0
RECONSTRUCTED	b8_e1000_cae4e2	0.573615	0.162189	0.042096	-0.310395	0
RECONSTRUCTED	b8_e1000_cae3e2	0.583517	0.160330	0.053277	-0.309144	0
RECONSTRUCTED	b8_e1000_cae2e2	0.585296	0.159505	0.088534	-0.348591	0
RECONSTRUCTED	b10_e1000_cae7e2	0.593846	0.168845	0.038331	-0.303336	0
RECONSTRUCTED	b10_e1000_cae5e2	0.622604	0.175147	0.042654	-0.248376	0
RECONSTRUCTED	b8_e500_cae5e2	0.633420	0.242062	0.061198	-0.351276	0
RECONSTRUCTED	b8_e500_cae7e2	0.639385	0.254961	0.052048	-0.361715	0
RECONSTRUCTED	b10_cae9e2	0.766512	0.460095	0.057690	-0.285614	1
RECONSTRUCTED	b10_v2	0.769097	0.465646	0.043666	-0.276213	0
RECONSTRUCTED	b10_cae8e2	0.771112	0.453337	0.073877	-0.295302	1
RECONSTRUCTED	b8_v2	0.793361	0.434752	0.060447	-0.251680	1
RECONSTRUCTED	b12_cae5e2	0.796070	0.367362	0.063742	-0.216224	0
RECONSTRUCTED	b10_cae9e2_s2	0.804013	0.415718	0.074151	-0.234000	0
RECONSTRUCTED	b10_cae5e2	0.808960	0.433171	0.104717	-0.278435	0
RECONSTRUCTED	b10_cae3e2	0.815386	0.405959	0.098791	-0.235177	0
RECONSTRUCTED	b6_cae3e2	0.815389	0.172547	0.070485	-0.181064	0
RECONSTRUCTED	b6_e1000_cae3e2	0.815389	0.172547	0.070485	-0.181064	0
RECONSTRUCTED	b6_e1000	0.833146	0.178969	0.068856	-0.200115	0
RECONSTRUCTED	b12_v2	0.866778	0.390744	0.072228	-0.265684	0
RECONSTRUCTED	b9_cae1e1	0.883291	0.425654	0.117645	-0.291566	0
RECONSTRUCTED	b9_cae9e2	0.884277	0.416613	0.120171	-0.284910	0
RECONSTRUCTED	b9_cae8e2	0.886962	0.407194	0.122413	-0.278559	0
RECONSTRUCTED	b16_v2	0.887556	0.387382	0.040416	-0.190236	0
RECONSTRUCTED	b10_cae9e2_s1	0.901017	0.457493	0.078078	-0.245067	0
RECONSTRUCTED	b11_cae15e2	0.934168	0.426688	0.082213	-0.182320	0
RECONSTRUCTED	b10_cae9e2_s3	0.940893	0.472487	0.099861	-0.315178	0
RECONSTRUCTED	b11_cae1e1	0.943525	0.394250	0.096603	-0.198764	0
RECONSTRUCTED	b11_cae8e2	0.956334	0.378814	0.099407	-0.163338	0
RECONSTRUCTED	b6_v2	1.001205	0.468782	0.066532	-0.216211	1
RECONSTRUCTED	b5_v2	1.121404	0.529264	0.231498	-0.228774	0
RECONSTRUCTED	b3_v2	1.165670	0.639446	0.285375	-0.247225	0
RECONSTRUCTED	b4	1.178770	0.712736	0.194936	-0.139122	1
RECONSTRUCTED	b8	1.218179	0.593076	0.242441	-0.105746	0
RECONSTRUCTED	b12	1.228258	0.589591	0.119902	-0.272617	0
RECONSTRUCTED	b2	2.035730	1.548108	0.287943	0.051271	0
RECONSTRUCTED	shallow	1.172307	0.659989	0.418867	-0.169622	1
RECONSTRUCTED	shallow16	1.205209	0.856845	0.408229	-0.203761	0
RECONSTRUCTED	deep3	1.229996	0.589510	0.261308	-0.071033	0
RECONSTRUCTED	h96_b12_e3000	0.158169	0.009664	0.161572	0.185159	1
RECONSTRUCTED	h96_b12_e2000	0.161691	0.011366	0.126615	0.212988	1
RECONSTRUCTED	h96_b12_e5000	0.164479	0.008139	0.247327	-0.083788	0
RECONSTRUCTED	h96_b12	0.185870	0.016514	0.103118	0.146276	1
RECONSTRUCTED	h96_b12_e10000	0.194551	0.005784	0.221269	-0.164563	0
RECONSTRUCTED	h96_b11	0.196863	0.015981	0.350019	-0.149877	0
RECONSTRUCTED	h64_b14	0.210693	0.018941	0.155315	-0.067480	0
RECONSTRUCTED	h64_b12_cae0	0.215374	0.019630	0.289783	0.041524	1
RECONSTRUCTED	h112_b12	0.215475	0.016573	0.218255	-0.033315	0
RECONSTRUCTED	h128_b12	0.226552	0.014346	0.232801	0.175576	0
RECONSTRUCTED	h96_b13	0.228021	0.015129	0.286212	0.090727	0
RECONSTRUCTED	h64_b16	0.232666	0.017981	0.325907	0.106179	0
RECONSTRUCTED	h80_b12	0.244944	0.019230	0.263638	0.108556	0
RECONSTRUCTED	h96_b12_e500	0.248290	0.025103	0.111754	0.120090	0
RECONSTRUCTED	h48_b14_cae0	0.255604	0.026982	0.189265	0.260914	1
RECONSTRUCTED	h48_b13_cae0	0.267807	0.027639	0.250986	0.046848	1
RECONSTRUCTED	h96_b8	0.277847	0.021100	0.199127	0.227893	0
RECONSTRUCTED	h48_b12_cae0	0.280183	0.027088	0.227330	-0.361072	1
RECONSTRUCTED	h48_b10_cae0	0.296894	0.031684	0.181924	-0.024335	1
RECONSTRUCTED	h48_b10_cae1e2	0.300098	0.056343	0.071190	-0.138069	1
RECONSTRUCTED	h48_b16_cae0	0.333387	0.027049	0.211484	-0.026566	0
RECONSTRUCTED	h48_b10_cae2e2	0.335438	0.060183	0.068721	-0.096515	1
RECONSTRUCTED	h96_48_b12	0.352729	0.023068	0.324487	0.255975	0
RECONSTRUCTED	h48_b11_cae0	0.364389	0.031362	0.395066	-0.133898	0
RECONSTRUCTED	h48_b12	0.365684	0.070295	0.035690	-0.258682	0
RECONSTRUCTED	h96_24_b12	0.371300	0.022688	0.322079	0.109966	0
RECONSTRUCTED	h48_b10_cae3e2	0.389413	0.069428	0.077202	-0.136306	1
RECONSTRUCTED	h48_b10	0.398904	0.078665	0.039042	-0.170603	0
RECONSTRUCTED	h48_b12_cae1e1	0.407644	0.083151	0.036100	-0.356074	0
RECONSTRUCTED	h48_b8_cae0	0.408658	0.038322	0.289979	0.067926	0
RECONSTRUCTED	h48_b12_cae15e2	0.411326	0.092192	0.019553	-0.386938	0
RECONSTRUCTED	h48_b10_cae8e2	0.439115	0.085531	0.035485	-0.125502	0
RECONSTRUCTED	h48_v3	0.450444	0.085810	0.046999	-0.279234	0
RECONSTRUCTED	h48_cae55e3	0.456494	0.087682	0.046386	-0.286480	0
RECONSTRUCTED	h48_cae6e2	0.459222	0.089588	0.050812	-0.285464	1
RECONSTRUCTED	h56_cae6e2	0.471276	0.084340	0.082501	-0.184650	0
RECONSTRUCTED	h64_cae6e2	0.476059	0.077494	0.067318	-0.145459	0
RECONSTRUCTED	h48_cae7e2	0.476956	0.091597	0.052647	-0.252230	1
RECONSTRUCTED	h48_cae8e2	0.481198	0.094789	0.054881	-0.255229	0
RECONSTRUCTED	h64_32_b12	0.486359	0.035445	0.656273	0.393008	0
RECONSTRUCTED	h48_b10_cae1e1	0.496720	0.094177	0.033419	-0.048889	0
RECONSTRUCTED	h48_b6_cae0	0.523442	0.050302	0.690398	0.064842	0
RECONSTRUCTED	h48_cae1e1	0.526653	0.098749	0.053397	-0.230849	0
RECONSTRUCTED	h40_cae6e2	0.556120	0.098947	0.047630	-0.284179	0
RECONSTRUCTED	h32_v3	0.618416	0.126635	0.085701	-0.238713	0
RECONSTRUCTED	h48_b6	0.664161	0.102216	0.114079	-0.080035	0
RECONSTRUCTED	h16_v3	0.690590	0.299697	0.074934	-0.346050	0
RECONSTRUCTED	h32_16_v3	0.783295	0.104430	0.034233	-0.016058	0
RECONSTRUCTED	h48_24	1.206101	0.304268	0.338872	-0.096663	0
RECONSTRUCTED	h32_16	1.207768	0.457998	0.289448	-0.109815	0
RECONSTRUCTED	h20_12	1.207918	0.743229	0.458375	-0.103346	0
RECONSTRUCTED	h16_12	1.282067	0.978518	0.302048	-0.216789	0
RECONSTRUCTED	act_gelu	1.133703	0.551315	0.235230	-0.229876	1
RECONSTRUCTED	act_lrelu	1.323257	0.850276	0.250721	-0.243509	0
RECONSTRUCTED	adamw_wd5e5	0.157115	0.009698	0.172564	0.204559	1
RECONSTRUCTED	adamw_v4	0.157264	0.009622	0.172562	0.203907	1
RECONSTRUCTED	adamw_wd2e4	0.157389	0.009608	0.172689	0.203150	0
RECONSTRUCTED	adamw_wd5e4	0.157767	0.009587	0.173525	0.201152	0
RECONSTRUCTED	adamw_v4_wd1e3	0.158699	0.009428	0.174037	0.197420	0
RECONSTRUCTED	lr3e3_v3	0.596576	0.144973	0.067835	-0.245297	0
RECONSTRUCTED	lr1e3_v3	0.631741	0.237946	0.072561	-0.270192	0
RECONSTRUCTED	lr5e4_v3	0.814127	0.296948	0.056220	-0.332476	0
RECONSTRUCTED	lr2e3	1.102900	0.378457	0.244061	-0.301976	1
RECONSTRUCTED	wd0	1.133709	0.551340	0.235180	-0.229829	0
RECONSTRUCTED	adamw_wd1e4	1.133739	0.551315	0.235201	-0.229846	0
RECONSTRUCTED	lr25e4	1.150689	0.353366	0.205007	-0.140088	0
RECONSTRUCTED	lr3e3	1.156055	0.328534	0.215577	-0.057248	0
RECONSTRUCTED	lr5e4	1.205084	0.790593	0.287195	-0.176272	0
RECONSTRUCTED	lr5e3	1.244465	0.270269	0.220578	-0.029680	0
RECONSTRUCTED	bs64	0.494034	0.152721	0.030012	-0.229858	0
RECONSTRUCTED	bs64_cae6e2	0.496291	0.152747	0.043600	-0.290521	0
RECONSTRUCTED	bs64_cae7e2	0.538091	0.138515	0.034582	-0.230119	0
RECONSTRUCTED	bs64_cae1e1	0.546767	0.158368	0.023794	-0.264374	0
RECONSTRUCTED	bs32	0.562860	0.119368	0.043235	-0.243607	0
RECONSTRUCTED	bs64_cae8e2	0.580690	0.150349	0.030692	-0.222199	0
RECONSTRUCTED	bs256	0.638768	0.219481	0.054025	-0.345970	0
RECONSTRUCTED	bs512	0.717496	0.292324	0.062269	-0.358796	0
RECONSTRUCTED	bs64_b6	0.786090	0.156919	0.059023	-0.230760	0
RECONSTRUCTED	bs64_b4	1.183473	0.209081	0.137818	-0.051011	0
RECONSTRUCTED	invvol	1.185972	0.405061	0.363986	-0.078646	0
RECONSTRUCTED	cae1e1	1.032991	0.550731	0.078964	-0.286242	1
RECONSTRUCTED	cae8e2	1.038769	0.524077	0.082008	-0.283427	0
RECONSTRUCTED	cae5e2	1.052303	0.488798	0.095622	-0.288377	1
RECONSTRUCTED	cae15e2	1.056374	0.611609	0.075357	-0.267033	0
RECONSTRUCTED	cae2e2	1.068345	0.447363	0.143754	-0.289376	1
RECONSTRUCTED	cae1e2	1.068781	0.425447	0.171851	-0.300613	1
RECONSTRUCTED	cae5e3	1.074239	0.408578	0.196297	-0.305614	1
RECONSTRUCTED	cae2e3	1.086774	0.393014	0.221324	-0.306639	1
RECONSTRUCTED	cae2e1	1.088889	0.638311	0.069985	-0.252991	0
RECONSTRUCTED	cae1e3	1.094174	0.386280	0.232015	-0.305490	1
RECONSTRUCTED	cae3e1	1.097270	0.669123	0.067520	-0.223689	0
RECONSTRUCTED	cae5e4	1.098330	0.382529	0.237870	-0.304135	0
RECONSTRUCTED	cae1e4	1.101945	0.379301	0.242798	-0.302485	1
RECONSTRUCTED	cae5e1	1.116636	0.715535	0.052058	-0.226688	0
RECONSTRUCTED	logz_h192_b16_wd1e3	0.015593	0.001934	0.079265	0.459087	1
RECONSTRUCTED	logz_h192_b16_e15000	0.016285	0.000847	0.109883	0.536960	1
RECONSTRUCTED	logz_h192_b16_adam	0.016373	0.001014	0.136475	0.508383	0
RECONSTRUCTED	logz_h192_b16_e10000	0.017079	0.001509	0.110943	0.541235	1
RECONSTRUCTED	logz_h192_b16_wd5e3	0.017308	0.006112	0.111506	0.412326	0
RECONSTRUCTED	logz_h192_b16_e8000	0.017537	0.001453	0.106301	0.467995	1
RECONSTRUCTED	logz_h192_b16_e5000	0.017938	0.001174	0.107093	0.492073	1
RECONSTRUCTED	logz_h128_b20	0.020137	0.001806	0.047173	0.275903	0
RECONSTRUCTED	logz_h192_b18	0.020284	0.003021	0.075755	0.406699	1
RECONSTRUCTED	logz_h192_b20	0.021248	0.001357	0.059956	0.217652	0
RECONSTRUCTED	logz_h256_b16_wd1e3	0.021673	0.002945	0.096812	0.545644	0
RECONSTRUCTED	logz_h192_b16	0.021973	0.001310	0.092665	0.433414	1
RECONSTRUCTED	logz_h192	0.026268	0.004807	0.144763	0.293361	1
RECONSTRUCTED	logz_h128_b16	0.026955	0.001861	0.072483	0.599060	1
RECONSTRUCTED	logz_h256_b16	0.027156	0.001467	0.106746	0.519637	0
RECONSTRUCTED	logz_h256	0.029597	0.001962	0.095082	0.412422	0
RECONSTRUCTED	logz_h192_b14	0.034653	0.001637	0.101327	0.127919	0
RECONSTRUCTED	logz_h128	0.036796	0.002683	0.122804	0.205777	1
RECONSTRUCTED	logz_b20	0.037058	0.004072	0.075688	0.430527	1
RECONSTRUCTED	logz_h160	0.037969	0.002052	0.076363	0.106635	0
RECONSTRUCTED	logz_b16	0.040590	0.004092	0.070079	0.355900	1
RECONSTRUCTED	logz_h192_b8	0.047905	0.003037	0.101322	0.136167	0
RECONSTRUCTED	logz	0.048917	0.004466	0.139228	0.464402	1
RECONSTRUCTED	logz_h64	0.063149	0.012024	0.122026	0.368268	0
RECONSTRUCTED	logz_b8	0.086179	0.003980	0.108003	0.308973	0
RECONSTRUCTED	s3_h96b12	0.164832	0.009100	0.315675	-0.010054	0
RECONSTRUCTED	s5_h96b12	0.167569	0.008936	0.274405	-0.226034	0
RECONSTRUCTED	s1_h96b12	0.172017	0.008850	0.284649	-0.205223	0
RECONSTRUCTED	s2_h96b12	0.184358	0.009471	0.294846	0.015129	0
RECONSTRUCTED	s4_h96b12	0.212880	0.008812	0.348019	-0.106803	0
RECONSTRUCTED	verify_final	0.015654	0.001108	0.077847	0.494573	0
RECONSTRUCTED	verify_adamw	0.157264	0.009622	0.172562	0.203907	0
RECONSTRUCTED	verify_defaults	0.158169	0.009664	0.161572	0.185159	0
